<font>
  <info face="font" size="16" bold="0" italic="0" charset="" unicode="" stretchH="100" smooth="1" aa="1" padding="6,6,6,6" spacing="0,0" outline="0"/>
  <common lineHeight="14" base="9" scaleW="100" scaleH="303" pages="1" packed="0"/>
  <pages>
    <page id="0" file="font.png"/>
  </pages>
  <chars count="95">
    <char id="32" x="6" y="6" width="0" height="0" xoffset="0" yoffset="9" xadvance="3" page="0" chnl="15"/>
    <char id="33" x="6" y="12" width="2" height="9" xoffset="0" yoffset="1" xadvance="3" page="0" chnl="15"/>
    <char id="34" x="6" y="27" width="5" height="3" xoffset="0" yoffset="1" xadvance="6" page="0" chnl="15"/>
    <char id="35" x="14" y="6" width="6" height="8" xoffset="0" yoffset="1" xadvance="7" page="0" chnl="15"/>
    <char id="36" x="6" y="36" width="8" height="10" xoffset="0" yoffset="0" xadvance="9" page="0" chnl="15"/>
    <char id="37" x="17" y="20" width="8" height="8" xoffset="0" yoffset="1" xadvance="9" page="0" chnl="15"/>
    <char id="38" x="26" y="6" width="6" height="8" xoffset="0" yoffset="1" xadvance="7" page="0" chnl="15"/>
    <char id="39" x="6" y="52" width="2" height="3" xoffset="0" yoffset="1" xadvance="3" page="0" chnl="15"/>
    <char id="40" x="6" y="61" width="3" height="8" xoffset="0" yoffset="1" xadvance="4" page="0" chnl="15"/>
    <char id="41" x="6" y="75" width="3" height="8" xoffset="0" yoffset="1" xadvance="4" page="0" chnl="15"/>
    <char id="42" x="6" y="89" width="3" height="4" xoffset="0" yoffset="1" xadvance="4" page="0" chnl="15"/>
    <char id="43" x="6" y="99" width="7" height="7" xoffset="0" yoffset="2" xadvance="8" page="0" chnl="15"/>
    <char id="44" x="15" y="52" width="2" height="4" xoffset="0" yoffset="7" xadvance="3" page="0" chnl="15"/>
    <char id="45" x="20" y="34" width="5" height="1" xoffset="0" yoffset="5" xadvance="6" page="0" chnl="15"/>
    <char id="46" x="20" y="41" width="2" height="2" xoffset="0" yoffset="7" xadvance="3" page="0" chnl="15"/>
    <char id="47" x="15" y="62" width="4" height="8" xoffset="0" yoffset="1" xadvance="5" page="0" chnl="15"/>
    <char id="48" x="15" y="76" width="6" height="8" xoffset="0" yoffset="1" xadvance="7" page="0" chnl="15"/>
    <char id="49" x="25" y="49" width="3" height="8" xoffset="0" yoffset="1" xadvance="4" page="0" chnl="15"/>
    <char id="50" x="31" y="20" width="6" height="8" xoffset="0" yoffset="1" xadvance="7" page="0" chnl="15"/>
    <char id="51" x="38" y="6" width="6" height="8" xoffset="0" yoffset="1" xadvance="7" page="0" chnl="15"/>
    <char id="52" x="31" y="34" width="7" height="8" xoffset="0" yoffset="1" xadvance="8" page="0" chnl="15"/>
    <char id="53" x="43" y="20" width="6" height="8" xoffset="0" yoffset="1" xadvance="7" page="0" chnl="15"/>
    <char id="54" x="50" y="6" width="6" height="8" xoffset="0" yoffset="1" xadvance="7" page="0" chnl="15"/>
    <char id="55" x="6" y="112" width="6" height="8" xoffset="0" yoffset="1" xadvance="7" page="0" chnl="15"/>
    <char id="56" x="6" y="126" width="6" height="8" xoffset="0" yoffset="1" xadvance="7" page="0" chnl="15"/>
    <char id="57" x="6" y="140" width="6" height="8" xoffset="0" yoffset="1" xadvance="7" page="0" chnl="15"/>
    <char id="58" x="25" y="63" width="2" height="6" xoffset="0" yoffset="2" xadvance="3" page="0" chnl="15"/>
    <char id="59" x="6" y="154" width="2" height="7" xoffset="0" yoffset="2" xadvance="3" page="0" chnl="15"/>
    <char id="60" x="6" y="167" width="4" height="7" xoffset="0" yoffset="2" xadvance="5" page="0" chnl="15"/>
    <char id="61" x="14" y="154" width="5" height="4" xoffset="0" yoffset="3" xadvance="6" page="0" chnl="15"/>
    <char id="62" x="18" y="112" width="4" height="7" xoffset="0" yoffset="2" xadvance="5" page="0" chnl="15"/>
    <char id="63" x="19" y="90" width="6" height="9" xoffset="0" yoffset="1" xadvance="7" page="0" chnl="15"/>
    <char id="64" x="27" y="75" width="7" height="7" xoffset="0" yoffset="1" xadvance="8" page="0" chnl="15"/>
    <char id="65" x="34" y="48" width="6" height="8" xoffset="0" yoffset="1" xadvance="7" page="0" chnl="15"/>
    <char id="66" x="44" y="34" width="6" height="8" xoffset="0" yoffset="1" xadvance="7" page="0" chnl="15"/>
    <char id="67" x="55" y="20" width="6" height="8" xoffset="0" yoffset="1" xadvance="7" page="0" chnl="15"/>
    <char id="68" x="62" y="6" width="6" height="8" xoffset="0" yoffset="1" xadvance="7" page="0" chnl="15"/>
    <char id="69" x="18" y="125" width="5" height="8" xoffset="0" yoffset="1" xadvance="6" page="0" chnl="15"/>
    <char id="70" x="18" y="139" width="5" height="8" xoffset="0" yoffset="1" xadvance="6" page="0" chnl="15"/>
    <char id="71" x="28" y="105" width="6" height="8" xoffset="0" yoffset="1" xadvance="7" page="0" chnl="15"/>
    <char id="72" x="31" y="88" width="6" height="8" xoffset="0" yoffset="1" xadvance="7" page="0" chnl="15"/>
    <char id="73" x="40" y="62" width="4" height="8" xoffset="0" yoffset="1" xadvance="5" page="0" chnl="15"/>
    <char id="74" x="46" y="48" width="6" height="8" xoffset="0" yoffset="1" xadvance="7" page="0" chnl="15"/>
    <char id="75" x="56" y="34" width="7" height="8" xoffset="0" yoffset="1" xadvance="8" page="0" chnl="15"/>
    <char id="76" x="67" y="20" width="5" height="8" xoffset="0" yoffset="1" xadvance="6" page="0" chnl="15"/>
    <char id="77" x="74" y="6" width="8" height="8" xoffset="0" yoffset="1" xadvance="9" page="0" chnl="15"/>
    <char id="78" x="6" y="180" width="7" height="8" xoffset="0" yoffset="1" xadvance="8" page="0" chnl="15"/>
    <char id="79" x="16" y="164" width="6" height="8" xoffset="0" yoffset="1" xadvance="7" page="0" chnl="15"/>
    <char id="80" x="6" y="194" width="6" height="8" xoffset="0" yoffset="1" xadvance="7" page="0" chnl="15"/>
    <char id="81" x="6" y="208" width="6" height="9" xoffset="0" yoffset="1" xadvance="7" page="0" chnl="15"/>
    <char id="82" x="6" y="223" width="6" height="8" xoffset="0" yoffset="1" xadvance="7" page="0" chnl="15"/>
    <char id="83" x="6" y="237" width="5" height="8" xoffset="0" yoffset="1" xadvance="6" page="0" chnl="15"/>
    <char id="84" x="6" y="251" width="6" height="8" xoffset="0" yoffset="1" xadvance="7" page="0" chnl="15"/>
    <char id="85" x="17" y="237" width="6" height="8" xoffset="0" yoffset="1" xadvance="7" page="0" chnl="15"/>
    <char id="86" x="18" y="194" width="6" height="8" xoffset="0" yoffset="1" xadvance="7" page="0" chnl="15"/>
    <char id="87" x="19" y="178" width="10" height="8" xoffset="0" yoffset="1" xadvance="11" page="0" chnl="15"/>
    <char id="88" x="28" y="153" width="6" height="8" xoffset="0" yoffset="1" xadvance="7" page="0" chnl="15"/>
    <char id="89" x="18" y="208" width="6" height="8" xoffset="0" yoffset="1" xadvance="7" page="0" chnl="15"/>
    <char id="90" x="18" y="222" width="6" height="8" xoffset="0" yoffset="1" xadvance="7" page="0" chnl="15"/>
    <char id="91" x="29" y="119" width="4" height="8" xoffset="0" yoffset="1" xadvance="5" page="0" chnl="15"/>
    <char id="92" x="29" y="133" width="4" height="8" xoffset="0" yoffset="1" xadvance="5" page="0" chnl="15"/>
    <char id="93" x="39" y="119" width="4" height="8" xoffset="0" yoffset="1" xadvance="5" page="0" chnl="15"/>
    <char id="94" x="28" y="167" width="3" height="3" xoffset="0" yoffset="1" xadvance="4" page="0" chnl="15"/>
    <char id="95" x="40" y="76" width="6" height="1" xoffset="0" yoffset="8" xadvance="7" page="0" chnl="15"/>
    <char id="96" x="50" y="62" width="4" height="3" xoffset="0" yoffset="1" xadvance="5" page="0" chnl="15"/>
    <char id="97" x="58" y="48" width="6" height="6" xoffset="0" yoffset="3" xadvance="7" page="0" chnl="15"/>
    <char id="98" x="69" y="34" width="6" height="8" xoffset="0" yoffset="1" xadvance="7" page="0" chnl="15"/>
    <char id="99" x="78" y="20" width="5" height="6" xoffset="0" yoffset="3" xadvance="6" page="0" chnl="15"/>
    <char id="100" x="88" y="6" width="6" height="8" xoffset="0" yoffset="1" xadvance="7" page="0" chnl="15"/>
    <char id="101" x="40" y="102" width="6" height="6" xoffset="0" yoffset="3" xadvance="7" page="0" chnl="15"/>
    <char id="102" x="43" y="83" width="5" height="8" xoffset="0" yoffset="1" xadvance="6" page="0" chnl="15"/>
    <char id="103" x="39" y="133" width="6" height="9" xoffset="0" yoffset="3" xadvance="7" page="0" chnl="15"/>
    <char id="104" x="49" y="114" width="6" height="8" xoffset="0" yoffset="1" xadvance="7" page="0" chnl="15"/>
    <char id="105" x="52" y="97" width="2" height="8" xoffset="0" yoffset="1" xadvance="3" page="0" chnl="15"/>
    <char id="106" x="54" y="71" width="5" height="11" xoffset="-1" yoffset="1" xadvance="5" page="0" chnl="15"/>
    <char id="107" x="60" y="88" width="6" height="8" xoffset="0" yoffset="1" xadvance="7" page="0" chnl="15"/>
    <char id="108" x="65" y="60" width="2" height="8" xoffset="0" yoffset="1" xadvance="3" page="0" chnl="15"/>
    <char id="109" x="70" y="48" width="10" height="6" xoffset="0" yoffset="3" xadvance="11" page="0" chnl="15"/>
    <char id="110" x="60" y="102" width="6" height="6" xoffset="0" yoffset="3" xadvance="7" page="0" chnl="15"/>
    <char id="111" x="65" y="74" width="6" height="6" xoffset="0" yoffset="3" xadvance="7" page="0" chnl="15"/>
    <char id="112" x="73" y="60" width="6" height="8" xoffset="0" yoffset="3" xadvance="7" page="0" chnl="15"/>
    <char id="113" x="81" y="32" width="6" height="8" xoffset="0" yoffset="3" xadvance="7" page="0" chnl="15"/>
    <char id="114" x="89" y="20" width="5" height="6" xoffset="0" yoffset="3" xadvance="6" page="0" chnl="15"/>
    <char id="115" x="6" y="265" width="5" height="6" xoffset="0" yoffset="3" xadvance="6" page="0" chnl="15"/>
    <char id="116" x="6" y="277" width="4" height="8" xoffset="0" yoffset="1" xadvance="5" page="0" chnl="15"/>
    <char id="117" x="6" y="291" width="6" height="6" xoffset="0" yoffset="3" xadvance="7" page="0" chnl="15"/>
    <char id="118" x="16" y="277" width="6" height="6" xoffset="0" yoffset="3" xadvance="7" page="0" chnl="15"/>
    <char id="119" x="17" y="265" width="10" height="6" xoffset="0" yoffset="3" xadvance="11" page="0" chnl="15"/>
    <char id="120" x="18" y="251" width="6" height="6" xoffset="0" yoffset="3" xadvance="7" page="0" chnl="15"/>
    <char id="121" x="29" y="236" width="6" height="9" xoffset="0" yoffset="3" xadvance="7" page="0" chnl="15"/>
    <char id="122" x="30" y="251" width="5" height="6" xoffset="0" yoffset="3" xadvance="6" page="0" chnl="15"/>
    <char id="123" x="30" y="192" width="4" height="8" xoffset="0" yoffset="1" xadvance="5" page="0" chnl="15"/>
    <char id="124" x="35" y="176" width="2" height="8" xoffset="0" yoffset="1" xadvance="3" page="0" chnl="15"/>
    <char id="125" x="40" y="148" width="4" height="8" xoffset="0" yoffset="1" xadvance="5" page="0" chnl="15"/>
    <char id="126" x="37" y="167" width="7" height="2" xoffset="0" yoffset="4" xadvance="8" page="0" chnl="15"/>
    <char id="32" x="0" y="0" width="0" height="0" xoffset="0" yoffset="4" xadvance="3" page="0" chnl="15"/>
  </chars>
</font>